window_id	contig	window_index	start	end	midpoint	window_mode	n_variants	span_bp	density_variants_per_kb	target_mean_missing_rate	offtarget_mean_missing_rate	target_mean_nonref_rate	offtarget_mean_nonref_rate	target_private_alt_n	offtarget_private_alt_n	target_private_alt_rate	offtarget_private_alt_rate	top_nearest_background	top_nearest_background_n
LW00000001	chr1	1	99	400	249	records	4	301	13.289037	0.000000	0.000000	1.000000	0.000000	4	0	1.000000	0.000000	O1	3
LW00000002	chr1	2	499	800	649	records	4	301	13.289037	0.250000	0.125000	1.000000	0.000000	4	0	1.000000	0.000000	O1	3
LW00000003	chr1	3	899	1200	1049	records	4	301	13.289037	0.000000	0.062500	0.500000	0.250000	0	0	0.000000	0.000000	O2	3
LW00000004	chr1	4	1299	1600	1449	records	4	301	13.289037	0.125000	0.000000	0.500000	0.250000	0	0	0.000000	0.000000	O2	3
LW00000005	chr2	1	99	400	249	records	4	301	13.289037	0.000000	0.062500	0.500000	0.250000	0	0	0.000000	0.000000	O1	3
LW00000006	chr2	2	499	800	649	records	4	301	13.289037	0.000000	0.187500	1.000000	0.000000	4	0	1.000000	0.000000	O1	3
LW00000007	chr2	3	899	1200	1049	records	4	301	13.289037	0.000000	0.000000	0.500000	0.375000	0	0	0.000000	0.000000	O1	2
